{"cameraMode":{"drawMode":0,"name":"Shaded","section":"Shading Mode"},"sceneLighting":true,"audioPlay":false,"sceneViewState":{"m_AlwaysRefresh":false,"showFog":true,"showSkybox":true,"showFlares":true,"showImageEffects":true,"showParticleSystems":true,"showVisualEffectGraphs":true,"m_FxEnabled":true},"in2DMode":false,"pivot":{"x":-4.060713768005371,"y":17.06342124938965,"z":8.79644775390625},"rotation":{"x":0.11673449724912644,"y":-0.005669190548360348,"z":0.0006319190724752843,"w":0.9931812286376953},"size":30.910106658935548,"orthographic":false}