{"cameraMode":{"drawMode":0,"name":"Shaded","section":"Shading Mode"},"sceneLighting":true,"audioPlay":false,"sceneViewState":{"m_AlwaysRefresh":false,"showFog":true,"showSkybox":true,"showFlares":true,"showImageEffects":true,"showParticleSystems":true,"showVisualEffectGraphs":true,"m_FxEnabled":true},"in2DMode":false,"pivot":{"x":-2.980980396270752,"y":-0.9964552521705627,"z":0.7615747451782227},"rotation":{"x":0.12628009915351869,"y":0.8316852450370789,"z":-0.21095608174800874,"w":0.49785980582237246},"size":7.481324672698975,"orthographic":false}