{"cameraMode":{"drawMode":0,"name":"Shaded","section":"Shading Mode"},"sceneLighting":true,"audioPlay":false,"sceneViewState":{"m_AlwaysRefresh":false,"showFog":true,"showSkybox":true,"showFlares":true,"showImageEffects":true,"showParticleSystems":true,"showVisualEffectGraphs":true,"m_FxEnabled":true},"in2DMode":false,"pivot":{"x":-1.5939397811889649,"y":-2.012172222137451,"z":-324.05657958984377},"rotation":{"x":-0.011241398751735688,"y":0.9872148036956787,"z":-0.13741974532604218,"w":-0.0807022824883461},"size":22.541671752929689,"orthographic":false}